cliente_id,idade,meses_contrato,tipo_contrato,metodo_pagamento,valor_mensal,atraso_pagamento,churn,probabilidade
ID_00003,32,10,Mensal,Boleto,66.31,0,1,0.7001461485864051
ID_00014,41,30,Mensal,Boleto,122.85,0,1,0.7071625202640572
ID_00019,20,12,Mensal,Cartao,41.28,0,1,0.7747100947492715
ID_00020,39,31,Mensal,Cartao,29.96,0,1,0.7551008469005018
ID_00022,19,49,Mensal,Boleto,138.57,0,1,0.7623577608831222
ID_00024,61,26,Mensal,Cartao,25.33,0,1,0.7348389285003399
ID_00037,66,65,Mensal,Cartao,127.81,0,1,0.7028355103714802
ID_00057,24,55,Mensal,Automatico,122.62,1,1,0.8901201147963067
ID_00058,38,10,Mensal,Boleto,117.58,0,1,0.7851083941101596
ID_00065,31,11,Mensal,Cartao,29.91,1,1,0.9280407012811897
ID_00067,75,68,Mensal,Boleto,88.45,1,1,0.953773730579116
ID_00071,19,12,Mensal,Cartao,70.37,0,1,0.8240966255047008
ID_00082,31,13,Mensal,Cartao,139.51,1,1,0.7455334677631563
ID_00083,34,31,Mensal,Automatico,90.24,1,1,0.9012525138573324
ID_00086,57,9,Mensal,Boleto,117.71,0,1,0.83775685893269
ID_00092,59,9,Mensal,Automatico,75.39,1,1,0.927926312102249
ID_00093,21,8,Mensal,Cartao,135.62,0,1,0.8486695329897551
ID_00094,71,7,Mensal,Automatico,50.53,1,1,0.8658447501884159
ID_00097,43,3,Mensal,Boleto,135.19,1,1,0.8946039599793991
ID_00107,25,13,Mensal,Cartao,24.51,1,1,0.9362304226180203
ID_00111,74,10,Mensal,Cartao,125.91,0,1,0.8860821008309011
ID_00115,33,53,Mensal,Boleto,112.04,1,1,0.8292435646964469
ID_00117,35,13,Mensal,Cartao,137.56,1,1,0.8665633864117283
ID_00125,77,3,Mensal,Cartao,122.54,0,0,0.714249009580073
ID_00133,24,60,Mensal,Automatico,57.35,1,1,0.9488066364509662
ID_00139,41,27,Mensal,Automatico,142.78,1,1,0.8765459816560357
ID_00146,50,6,Mensal,Cartao,142.04,1,1,0.9538157369129239
ID_00152,58,7,Anual,Automatico,123.77,1,1,0.9245359065245304
ID_00155,26,16,Mensal,Boleto,84.32,0,1,0.7363814438184549
ID_00157,29,7,Mensal,Boleto,140.75,0,1,0.9125777371208605
ID_00158,51,51,Mensal,Automatico,96.87,1,0,0.8278481879298574
ID_00174,54,15,Mensal,Automatico,138.44,0,1,0.7108847420314081
ID_00190,77,65,Mensal,Cartao,58.53,1,1,0.9532076828836853
ID_00196,69,57,Bienal,Cartao,30.99,1,1,0.8067389273375829
ID_00201,54,5,Mensal,Boleto,103.06,0,1,0.7839154507200751
ID_00206,60,38,Mensal,Cartao,94.16,1,1,0.8274948076843482
ID_00213,68,6,Mensal,Cartao,89.08,1,1,0.9093105689741973
ID_00218,62,13,Mensal,Automatico,81.79,1,1,0.9630875903945599
ID_00219,79,3,Mensal,Automatico,113.38,0,1,0.8077173662943694
ID_00221,70,8,Mensal,Automatico,101.22,1,1,0.9885552951758225
ID_00232,72,56,Mensal,Cartao,72.64,1,1,0.9097792693856168
ID_00236,79,11,Mensal,Cartao,46.59,0,1,0.7773261847948327
ID_00237,50,18,Mensal,Boleto,74.05,0,0,0.741023820099424
ID_00241,79,6,Mensal,Automatico,103.22,0,1,0.8184922547800448
ID_00242,74,4,Mensal,Boleto,55.33,0,1,0.887799680598207
ID_00245,58,17,Bienal,Boleto,119.94,1,1,0.7320268049213908
ID_00251,26,8,Mensal,Boleto,124.93,0,0,0.7339453528882963
ID_00253,54,43,Mensal,Automatico,82.65,1,1,0.8101982896913782
ID_00263,49,42,Mensal,Boleto,141.64,0,1,0.7089636517512179
ID_00264,41,66,Anual,Boleto,70.95,1,1,0.7425114547791462
ID_00272,29,10,Mensal,Automatico,132.38,0,1,0.8199524477422989
ID_00277,66,1,Mensal,Boleto,148.15,1,1,0.9226787883376467
ID_00286,45,53,Mensal,Boleto,104.96,1,0,0.7240273376284933
ID_00310,41,71,Mensal,Boleto,104.92,0,1,0.7260875245222678
ID_00314,23,40,Anual,Automatico,111.91,1,1,0.718239213631484
ID_00315,39,5,Mensal,Cartao,50.24,0,1,0.7291352461986349
ID_00317,65,4,Mensal,Boleto,89.91,0,1,0.727111935219388
ID_00319,50,15,Mensal,Boleto,55.22,0,0,0.7235362018467059
ID_00320,26,8,Mensal,Automatico,118.21,0,1,0.8628510839114664
ID_00332,43,40,Mensal,Boleto,143.39,0,1,0.740631898762841
ID_00346,28,53,Mensal,Automatico,106.5,1,1,0.8969898201988857
ID_00359,43,3,Bienal,Automatico,78.29,1,1,0.8466363627391803
ID_00360,65,51,Mensal,Cartao,105.4,1,1,0.8994522081473701
ID_00374,72,51,Bienal,Cartao,34.66,1,1,0.814147722117344
ID_00381,20,21,Mensal,Cartao,64.34,0,1,0.7533531235176828
ID_00389,28,9,Mensal,Boleto,99.9,0,1,0.8568089742370069
ID_00391,25,10,Mensal,Automatico,110.5,1,1,0.9695347144721882
ID_00408,71,39,Mensal,Cartao,114.45,1,1,0.8180055966177033
ID_00413,53,70,Mensal,Cartao,46.69,0,1,0.7040051274244874
ID_00417,31,63,Anual,Cartao,37.17,1,1,0.7638120913426626
ID_00419,65,47,Mensal,Automatico,125.67,1,0,0.7485276849231
ID_00435,47,4,Mensal,Automatico,80.14,1,1,0.9814844622720678
ID_00443,44,27,Mensal,Automatico,92.33,1,1,0.8471029178669167
ID_00444,51,6,Mensal,Boleto,84.22,0,0,0.7397464541866983
ID_00445,38,13,Mensal,Boleto,73.28,0,0,0.7351196625857357
ID_00466,23,12,Mensal,Automatico,41.22,0,1,0.7003937393557866
ID_00473,66,59,Mensal,Boleto,135.09,0,1,0.715367127359911
ID_00476,48,50,Mensal,Boleto,57.43,1,1,0.8024013959922892
ID_00484,40,13,Mensal,Boleto,93.07,0,1,0.803751983678306
ID_00486,20,7,Mensal,Boleto,83.21,0,1,0.873261882890558
ID_00494,57,57,Mensal,Boleto,147.64,1,1,0.8243531087235236
ID_00495,63,8,Mensal,Boleto,68.07,0,1,0.7447838798496649
ID_00500,39,6,Mensal,Automatico,101.35,0,1,0.8026335110484117
ID_00523,30,20,Mensal,Automatico,26.21,1,1,0.8286021529295035
ID_00528,53,66,Mensal,Cartao,53.32,1,1,0.9504537229991696
ID_00529,62,30,Anual,Cartao,146.56,1,1,0.767465735734813
ID_00532,25,22,Mensal,Cartao,111.56,1,1,0.8449040685196669
ID_00536,29,10,Mensal,Boleto,34.52,0,1,0.8463348660370228
ID_00546,68,10,Mensal,Cartao,56.56,0,1,0.760426475687272
ID_00551,39,48,Mensal,Cartao,30.49,0,1,0.7009938588296681
ID_00555,66,25,Mensal,Cartao,75.38,1,1,0.8923840549365545
ID_00559,32,68,Mensal,Boleto,119.87,1,1,0.9399243087705652
ID_00565,25,10,Mensal,Boleto,70.33,0,1,0.8659072419209625
ID_00587,59,41,Mensal,Boleto,143.08,0,1,0.7262376944166752
ID_00595,72,63,Mensal,Cartao,49.34,1,1,0.9497304164288762
ID_00603,29,67,Mensal,Automatico,131.41,1,1,0.8754033705307286
ID_00609,64,10,Mensal,Cartao,50.64,0,1,0.7067522164982695
ID_00612,79,36,Anual,Boleto,24.87,1,1,0.717869351155139
ID_00614,65,63,Mensal,Automatico,33.78,1,1,0.892112552312666
ID_00617,62,65,Mensal,Cartao,20.99,1,1,0.9202041500836853
ID_00618,70,8,Mensal,Boleto,104.88,1,1,0.979616388905406
ID_00621,78,39,Mensal,Cartao,41.25,1,0,0.774566343426953
ID_00631,68,58,Mensal,Automatico,70.34,1,1,0.8985062098535507
ID_00634,74,36,Mensal,Cartao,39.5,1,1,0.8388658814432547
ID_00639,64,11,Mensal,Automatico,53.73,0,1,0.799650649599489
ID_00641,47,57,Mensal,Boleto,53.22,1,1,0.8324570036919781
ID_00643,79,7,Bienal,Boleto,149.46,0,1,0.9690917233290414
ID_00644,69,61,Anual,Boleto,123.62,1,1,0.7857322244402358
ID_00648,43,55,Mensal,Automatico,114.25,1,0,0.7019534756992504
ID_00654,50,5,Mensal,Cartao,68.89,0,1,0.7342765530861177
ID_00655,79,21,Mensal,Automatico,129.2,1,1,0.7369592902818012
ID_00678,41,55,Mensal,Automatico,57.56,1,1,0.8302295535464019
ID_00698,29,13,Mensal,Automatico,106.28,1,1,0.9398960656084112
ID_00703,27,17,Mensal,Automatico,111.1,0,1,0.7060072522764652
ID_00713,68,36,Mensal,Automatico,145.2,0,1,0.7738265856686788
ID_00733,62,50,Bienal,Boleto,145.35,1,1,0.8044417778373262
ID_00747,52,13,Mensal,Boleto,111.74,0,1,0.7807051964629239
ID_00748,66,69,Mensal,Boleto,39.76,1,1,0.8792243146113001
ID_00765,40,16,Mensal,Cartao,54.73,0,1,0.833580199427319
ID_00768,58,28,Mensal,Boleto,95.64,1,0,0.8265545809306469
ID_00770,34,65,Mensal,Cartao,131.82,1,1,0.9391278022736471
ID_00772,79,51,Mensal,Cartao,52.43,1,1,0.9383580161244395
ID_00781,53,11,Mensal,Cartao,69.68,1,1,0.8363061671729476
ID_00788,24,48,Mensal,Cartao,137.11,1,1,0.8492359385930919
ID_00790,31,8,Mensal,Boleto,90.16,0,1,0.7654920944956545
ID_00807,40,59,Mensal,Cartao,34.28,1,1,0.8617936526657415
ID_00812,70,30,Mensal,Automatico,143.73,0,1,0.7454087846292077
ID_00816,31,9,Bienal,Cartao,43.34,1,1,0.9557616297661921
ID_00828,26,64,Mensal,Boleto,57.89,1,1,0.9190737878961709
ID_00833,78,9,Mensal,Cartao,145.05,1,1,0.9517661263086795
ID_00837,30,17,Mensal,Automatico,122.02,1,1,0.8658850098040751
ID_00843,75,62,Mensal,Automatico,97.77,1,1,0.9409704851530385
ID_00851,65,8,Mensal,Boleto,61.48,0,0,0.7358813628172439
ID_00878,30,7,Mensal,Cartao,102.29,0,1,0.8006062976458166
ID_00879,67,22,Mensal,Automatico,124.48,0,1,0.70067621491846
ID_00880,45,53,Mensal,Automatico,147.3,0,1,0.7408619723588541
ID_00881,79,4,Mensal,Cartao,123.39,1,1,0.9706649103843118
ID_00886,78,8,Mensal,Automatico,120.16,0,1,0.8723409921845499
ID_00894,74,5,Mensal,Boleto,111.2,0,1,0.7699896586407735
ID_00896,66,46,Mensal,Cartao,20.02,0,1,0.8206097250941792
ID_00898,73,48,Mensal,Automatico,134.74,0,1,0.733110616505522
ID_00905,62,2,Mensal,Boleto,129.98,1,1,0.9366831218659492
ID_00919,36,15,Anual,Automatico,121.88,1,1,0.8280382092658393
ID_00921,74,13,Mensal,Cartao,132.33,0,1,0.871868984204277
ID_00938,29,10,Mensal,Cartao,148.12,1,1,0.8376963944889052
ID_00943,55,19,Bienal,Cartao,74.28,1,1,0.8474134304357622
ID_00958,45,5,Mensal,Boleto,143.03,1,1,0.9302410950894572
ID_00969,30,11,Mensal,Boleto,23.27,0,1,0.8534229042788445
ID_00973,30,55,Mensal,Cartao,75.77,1,1,0.8471574916294361
ID_00977,23,5,Mensal,Automatico,88.04,1,1,0.9788040544240754
ID_00998,64,12,Mensal,Boleto,132.85,1,1,0.8851914859157852
ID_01000,28,20,Mensal,Boleto,67.39,1,1,0.8013547799638678
ID_01002,43,3,Mensal,Boleto,96.77,0,0,0.7148370933633705
ID_01005,76,13,Mensal,Automatico,58.17,0,0,0.7114950934492904
ID_01019,34,40,Mensal,Boleto,52.04,1,1,0.8275804666750228
ID_01023,55,46,Mensal,Boleto,72.86,1,0,0.7029816166064355
ID_01025,70,7,Mensal,Boleto,128.73,1,1,0.9353100447413495
ID_01032,36,35,Mensal,Cartao,48.6,1,1,0.9481730048273067
ID_01033,34,51,Mensal,Cartao,60.33,1,1,0.9244740222533807
ID_01034,38,37,Mensal,Boleto,29.22,0,1,0.7131032769908708
ID_01036,26,8,Bienal,Cartao,133.61,1,1,0.924194599322969
ID_01041,30,17,Mensal,Cartao,41.32,0,1,0.7807053577834522
ID_01055,51,52,Mensal,Boleto,96.45,1,1,0.7993546731480143
ID_01057,71,3,Mensal,Cartao,63.28,1,1,0.9520271709287378
ID_01065,22,8,Bienal,Cartao,30.76,1,0,0.8044951975056422
ID_01066,47,56,Mensal,Automatico,119.91,1,1,0.8232449370780373
ID_01069,74,39,Mensal,Boleto,129.63,1,1,0.9153167349174335
ID_01070,34,28,Mensal,Automatico,95.17,1,1,0.8982935553401217
ID_01073,40,13,Mensal,Cartao,140.44,0,1,0.7277869575086388
ID_01074,32,36,Mensal,Automatico,66.02,1,1,0.8659424569249109
ID_01076,38,4,Mensal,Boleto,59.13,0,1,0.870237188110638
ID_01080,68,2,Mensal,Cartao,39.5,0,1,0.7866653728143763
ID_01090,32,44,Mensal,Boleto,107.5,1,1,0.8557335242933638
ID_01095,74,57,Mensal,Boleto,124.11,1,1,0.8530913573642323
ID_01101,47,13,Mensal,Boleto,94.41,0,1,0.7862185174762408
ID_01102,72,48,Mensal,Automatico,29.05,0,1,0.7576405431517225
ID_01111,34,32,Mensal,Cartao,51.32,1,1,0.9422633595349603
ID_01112,27,9,Mensal,Boleto,78.04,0,1,0.8892869582922398
ID_01114,77,20,Mensal,Cartao,24.85,1,1,0.8315970837987378
ID_01124,60,39,Mensal,Cartao,32.74,1,1,0.9279204781325407
ID_01129,64,6,Bienal,Boleto,22.27,0,1,0.8354343750813175
ID_01132,72,54,Mensal,Boleto,71.17,1,1,0.8983476366741111
ID_01138,25,63,Mensal,Boleto,67.86,1,1,0.95061262384653
ID_01139,21,38,Mensal,Automatico,88.47,1,1,0.9264677702959188
ID_01143,42,3,Mensal,Boleto,88.09,0,1,0.789372780955605
ID_01147,44,57,Mensal,Boleto,139.27,1,1,0.8250897002717396
ID_01148,46,6,Mensal,Automatico,114.34,1,1,0.9393888285856279
ID_01162,38,4,Mensal,Boleto,71.43,0,1,0.7501696674733896
ID_01170,51,1,Mensal,Cartao,114.17,0,1,0.7566353688027787
ID_01173,43,24,Mensal,Boleto,55.0,1,1,0.8468443737782543
ID_01176,26,46,Mensal,Automatico,49.0,1,1,0.8675881767635056
ID_01180,74,13,Mensal,Boleto,76.71,0,1,0.7546601883582126
ID_01185,60,2,Mensal,Automatico,147.71,0,0,0.7988268915592945
ID_01189,43,13,Mensal,Boleto,69.72,0,1,0.8048985322147958
ID_01190,53,43,Mensal,Cartao,148.37,1,1,0.8823159506445054
ID_01199,73,33,Mensal,Automatico,102.02,1,1,0.8313252905537063
ID_01207,19,32,Mensal,Automatico,53.44,0,1,0.719184826657764
ID_01211,76,8,Mensal,Automatico,110.66,1,1,0.9618381600075102
ID_01225,55,6,Mensal,Boleto,66.96,0,1,0.8475271265404223
ID_01226,52,50,Mensal,Cartao,22.86,0,1,0.7306692190838477
ID_01229,42,54,Mensal,Cartao,122.55,1,1,0.8933702306515812
ID_01230,72,49,Mensal,Automatico,38.54,0,1,0.7369274590224535
ID_01237,56,17,Bienal,Boleto,100.61,1,1,0.7342844038558687
ID_01248,27,36,Anual,Cartao,100.12,1,1,0.712501077004783
ID_01258,64,1,Mensal,Boleto,87.95,1,1,0.7062133167154008
ID_01266,54,9,Mensal,Automatico,122.08,0,1,0.846869425898997
ID_01284,72,27,Mensal,Boleto,95.0,1,1,0.9212245970324366
ID_01285,65,15,Mensal,Cartao,36.39,1,1,0.8633752502871439
ID_01308,45,25,Mensal,Automatico,140.48,1,1,0.8650889609036443
ID_01309,28,21,Mensal,Automatico,79.2,1,1,0.8891006745771034
ID_01312,23,47,Mensal,Cartao,109.97,1,1,0.9239014003057399
ID_01323,28,64,Bienal,Cartao,69.05,1,1,0.7160189494406985
ID_01332,71,2,Mensal,Boleto,123.13,0,1,0.878825314651819
ID_01337,37,11,Bienal,Cartao,29.81,1,1,0.8304825365070476
ID_01341,18,61,Mensal,Automatico,133.72,0,1,0.7242139194764344
ID_01350,60,22,Mensal,Boleto,146.44,1,1,0.9372431509070333
ID_01354,67,63,Mensal,Cartao,117.32,1,1,0.7340149247966058
ID_01379,66,60,Mensal,Cartao,98.2,1,1,0.9298214520128518
ID_01380,22,6,Mensal,Automatico,41.16,0,0,0.7751558493328126
ID_01381,79,69,Mensal,Boleto,91.33,1,1,0.9665721606113351
ID_01388,28,5,Mensal,Cartao,97.93,0,1,0.88499583658109
ID_01390,51,6,Mensal,Boleto,57.34,0,1,0.8648939598734764
ID_01396,39,17,Mensal,Boleto,104.69,0,1,0.8186663961009876
ID_01402,54,19,Bienal,Cartao,91.74,1,1,0.8272857036810654
ID_01415,21,71,Mensal,Cartao,122.53,1,1,0.946790640587087
ID_01424,57,37,Mensal,Boleto,56.61,1,1,0.8351997494492807
ID_01427,68,59,Mensal,Automatico,133.26,0,1,0.7843872365807176
ID_01443,57,8,Mensal,Cartao,143.3,0,1,0.9219657596354304
ID_01447,23,18,Anual,Boleto,128.15,1,1,0.7903211380337265
ID_01448,23,69,Anual,Automatico,74.78,1,1,0.7148703407396237
ID_01457,46,4,Mensal,Boleto,71.06,0,1,0.7077018506214864
ID_01461,56,18,Mensal,Cartao,25.9,0,1,0.7628075870245549
ID_01462,44,15,Mensal,Boleto,92.45,0,1,0.786386738334992
ID_01470,44,4,Bienal,Boleto,40.31,1,1,0.7383718355365799
ID_01474,21,5,Mensal,Automatico,148.4,0,1,0.8168611139435576
ID_01479,76,65,Mensal,Boleto,56.87,0,1,0.710602488416027
ID_01481,50,11,Mensal,Automatico,133.34,0,1,0.7254978343883844
ID_01482,71,3,Mensal,Automatico,146.08,0,1,0.8725826162554928
ID_01491,73,30,Mensal,Cartao,100.5,1,1,0.9285273710296167
ID_01498,21,48,Mensal,Boleto,54.21,1,1,0.8775983762152834
ID_01499,29,10,Mensal,Cartao,81.05,0,1,0.8563574340450498
ID_01503,48,7,Mensal,Automatico,94.23,1,1,0.9035074507778149
ID_01506,53,2,Mensal,Boleto,25.1,0,1,0.8303543821414469
ID_01509,60,16,Mensal,Cartao,29.26,0,1,0.8129549727103648
ID_01511,22,59,Bienal,Automatico,119.56,1,1,0.7804041351436605
ID_01513,28,6,Mensal,Cartao,100.66,1,1,0.9491317621694872
ID_01515,27,47,Mensal,Automatico,135.65,1,0,0.8801139043748762
ID_01517,55,42,Mensal,Boleto,136.67,1,0,0.7851636888115666
ID_01519,25,4,Mensal,Automatico,109.47,0,1,0.9110441399579753
ID_01526,43,46,Anual,Cartao,116.59,1,1,0.7226788670910257
ID_01536,60,36,Mensal,Cartao,143.23,0,1,0.7406353816495652
ID_01548,45,15,Mensal,Cartao,55.47,0,1,0.7867659648825804
ID_01574,68,13,Mensal,Automatico,45.58,1,1,0.9042586356621921
ID_01584,74,57,Mensal,Cartao,134.05,1,1,0.7045880160524516
ID_01601,60,68,Mensal,Automatico,126.73,1,1,0.9062970121794233
ID_01613,41,2,Anual,Boleto,70.33,1,1,0.8244719425320496
ID_01617,60,16,Mensal,Boleto,63.24,0,1,0.7716163598651746
ID_01624,24,4,Mensal,Automatico,128.54,0,1,0.964830253559457
ID_01625,34,71,Mensal,Automatico,59.35,1,1,0.9664222397580089
ID_01628,66,12,Bienal,Cartao,22.83,1,1,0.9086000712978497
ID_01635,66,4,Anual,Boleto,44.0,1,1,0.8920956755519082
ID_01636,24,19,Mensal,Boleto,118.8,1,1,0.7012980271451102
ID_01639,30,50,Mensal,Automatico,43.56,1,1,0.9160476695610608
ID_01646,79,66,Mensal,Boleto,92.07,0,1,0.7050560917913187
ID_01650,66,60,Mensal,Cartao,22.92,0,1,0.7884321679060743
ID_01653,47,38,Mensal,Cartao,24.58,1,1,0.896247953002107
ID_01660,68,42,Mensal,Automatico,145.03,0,1,0.7661594037919922
ID_01665,45,27,Mensal,Cartao,25.84,0,1,0.7706993642029231
ID_01666,66,41,Anual,Cartao,126.95,1,1,0.800052974125988
ID_01671,21,40,Mensal,Automatico,90.17,1,1,0.9092611975259655
ID_01672,18,10,Mensal,Cartao,59.56,0,1,0.7969910225472493
ID_01680,27,36,Mensal,Automatico,22.24,1,1,0.7739893109864465
ID_01683,51,2,Anual,Automatico,25.79,1,1,0.9115790354847642
ID_01686,40,66,Mensal,Automatico,57.69,1,1,0.9418705558573792
ID_01692,46,21,Mensal,Cartao,102.07,1,0,0.7026560782644381
ID_01693,25,10,Mensal,Boleto,37.94,0,1,0.7768200610779796
ID_01696,72,34,Mensal,Cartao,57.16,0,1,0.7229957005924702
ID_01702,25,36,Mensal,Cartao,31.78,0,1,0.7449839755795977
ID_01709,50,20,Mensal,Cartao,52.63,1,0,0.8513223593709901
ID_01710,45,18,Mensal,Cartao,40.42,0,1,0.7773016084489147
ID_01712,25,67,Anual,Automatico,20.23,1,1,0.9097084714009296
ID_01720,63,12,Mensal,Cartao,61.88,0,1,0.7429944387480559
ID_01721,60,16,Mensal,Cartao,63.0,0,0,0.7594003619110505
ID_01724,69,71,Mensal,Boleto,70.2,0,1,0.7273457128227809
ID_01727,38,15,Mensal,Cartao,46.95,0,0,0.701086762192539
ID_01730,72,41,Mensal,Cartao,26.61,0,1,0.7577061712734671
ID_01733,24,5,Mensal,Cartao,127.9,0,1,0.9186077918830361
ID_01744,46,5,Mensal,Boleto,94.24,0,1,0.7129219829440154
ID_01745,77,29,Mensal,Automatico,59.86,1,1,0.7441716637134566
ID_01752,28,1,Mensal,Automatico,43.47,0,0,0.7194980280429122
ID_01753,59,44,Mensal,Cartao,29.05,1,1,0.955141473514852
ID_01761,54,67,Mensal,Boleto,66.35,1,1,0.8840609017814697
ID_01765,51,1,Mensal,Boleto,145.19,0,1,0.9389916663934357
ID_01769,69,8,Mensal,Boleto,125.23,0,1,0.855532894778938
ID_01776,47,69,Mensal,Boleto,48.79,1,1,0.8762826522247356
ID_01780,40,19,Mensal,Boleto,45.56,1,1,0.8911372068831603
ID_01793,26,43,Mensal,Boleto,135.18,1,1,0.7657390684428603
ID_01795,39,9,Mensal,Cartao,41.17,0,1,0.8486146891392389
ID_01800,75,12,Mensal,Cartao,100.37,0,1,0.8086852136945143
ID_01802,62,11,Mensal,Cartao,78.49,0,1,0.7159476425809959
ID_01809,38,19,Mensal,Cartao,20.26,1,0,0.8271402264390579
ID_01818,55,7,Mensal,Cartao,93.04,1,1,0.8845856147302555
ID_01819,75,11,Mensal,Cartao,30.05,0,1,0.8504022516167601
ID_01820,29,61,Mensal,Cartao,143.44,1,1,0.8010420801714758
ID_01838,27,54,Mensal,Cartao,116.22,1,1,0.9063787703961098
ID_01845,75,54,Mensal,Cartao,32.57,0,1,0.7028285316754149
ID_01854,53,45,Mensal,Cartao,128.7,1,1,0.7654408181980663
ID_01858,38,64,Mensal,Automatico,124.47,1,1,0.9135961699324043
ID_01861,28,7,Anual,Automatico,64.48,1,1,0.9083559358038262
ID_01864,76,10,Mensal,Cartao,96.27,1,1,0.7105521029816542
ID_01865,56,57,Anual,Automatico,129.58,1,1,0.7800570556937757
ID_01866,57,7,Mensal,Boleto,96.25,0,1,0.7969203780578136
ID_01876,73,4,Mensal,Automatico,54.67,0,1,0.8490257909590702
ID_01877,50,43,Mensal,Boleto,53.76,1,0,0.7219573892189978
ID_01882,36,61,Mensal,Boleto,148.31,1,1,0.7991719233474365
ID_01893,43,29,Mensal,Cartao,67.85,1,1,0.9032303058835504
ID_01898,57,4,Mensal,Automatico,58.4,0,1,0.8240840843953303
ID_01906,42,4,Mensal,Cartao,104.65,1,1,0.9342826568763829
ID_01926,34,33,Anual,Boleto,113.33,1,1,0.707390902364264
ID_01927,27,12,Mensal,Cartao,48.26,0,1,0.7792676748512848
ID_01936,36,2,Mensal,Automatico,47.86,0,1,0.7567908484372511
ID_01940,34,18,Mensal,Cartao,76.92,1,0,0.7544305225402798
ID_01942,54,7,Mensal,Automatico,84.13,0,1,0.7967336764156687
ID_01944,33,38,Mensal,Automatico,43.53,1,1,0.8646501318615769
ID_01949,42,11,Mensal,Boleto,134.59,0,1,0.8176333579754933
ID_01955,62,6,Anual,Automatico,83.2,1,1,0.8610446709347762
ID_01960,33,16,Mensal,Cartao,41.03,0,1,0.7631003298867036
ID_01963,40,28,Mensal,Boleto,52.32,1,1,0.8956777167639741
ID_01967,75,58,Mensal,Automatico,128.63,0,1,0.7618391149742645
ID_01977,67,15,Mensal,Automatico,38.89,1,0,0.7461961984416385
ID_01992,31,4,Mensal,Boleto,48.59,0,0,0.7522797649997319
ID_01999,51,9,Mensal,Cartao,28.41,0,1,0.8030172898910753
ID_02010,73,56,Mensal,Boleto,78.11,1,1,0.8022222187277802
ID_02011,66,50,Mensal,Boleto,148.07,0,1,0.7115903631857238
ID_02016,30,36,Mensal,Automatico,133.3,1,1,0.8385973706971622
ID_02021,59,43,Mensal,Boleto,111.93,1,0,0.7807899109872249
ID_02025,72,13,Mensal,Automatico,56.25,0,1,0.7574451187732362
ID_02028,51,18,Mensal,Cartao,53.07,0,0,0.7517971283904596
ID_02045,46,48,Mensal,Cartao,88.76,1,1,0.7122009835997596
ID_02051,73,66,Mensal,Boleto,148.72,0,1,0.7831952056029562
ID_02059,37,26,Mensal,Boleto,69.09,1,1,0.8427596992468611
ID_02067,73,56,Mensal,Boleto,87.84,1,0,0.7567356513597185
ID_02071,35,59,Mensal,Boleto,96.72,1,1,0.8488857747689772
ID_02078,63,26,Mensal,Boleto,149.52,1,1,0.9472436942323539
ID_02080,26,38,Mensal,Automatico,75.72,1,1,0.8984710057304173
ID_02088,75,46,Mensal,Cartao,69.44,1,1,0.9248370673841737
ID_02093,77,6,Mensal,Boleto,126.57,0,1,0.729932508268822
ID_02099,28,18,Mensal,Automatico,95.68,1,1,0.901955939230559
ID_02113,68,9,Mensal,Boleto,71.14,0,1,0.8065988673851705
ID_02124,20,66,Mensal,Cartao,112.6,1,1,0.9584247436784638
ID_02130,64,6,Mensal,Boleto,110.22,1,1,0.9396290184347315
ID_02131,40,45,Mensal,Automatico,143.77,1,0,0.8005828150585033
ID_02135,37,3,Anual,Cartao,37.0,0,1,0.7980926936585778
ID_02136,75,24,Mensal,Automatico,95.73,1,1,0.843584423016924
ID_02138,78,18,Mensal,Boleto,83.78,1,1,0.8681934915274314
ID_02142,67,1,Mensal,Boleto,63.6,0,1,0.7918869239168259
ID_02144,79,45,Mensal,Cartao,107.89,1,1,0.9322143150091933
ID_02146,41,16,Mensal,Cartao,69.67,0,0,0.7542598271898183
ID_02147,20,19,Mensal,Cartao,78.59,1,1,0.866729770246399
ID_02148,49,23,Mensal,Cartao,21.69,1,1,0.9280627722457546
ID_02149,52,25,Mensal,Boleto,120.17,1,1,0.8866049280655623
ID_02154,64,19,Mensal,Boleto,111.6,1,1,0.81951105270863
ID_02168,26,18,Mensal,Boleto,30.2,0,1,0.7447648341213984
ID_02170,42,15,Mensal,Cartao,32.69,1,1,0.9555367296091041
ID_02171,51,4,Mensal,Cartao,114.63,1,1,0.9411126611126044
ID_02172,29,63,Mensal,Automatico,145.96,1,1,0.9467195028137168
ID_02177,42,4,Mensal,Boleto,115.26,0,1,0.7161187380453551
ID_02182,41,5,Mensal,Automatico,143.14,0,1,0.8657948828984985
ID_02185,55,2,Anual,Automatico,131.56,0,1,0.8532930936634844
ID_02196,30,13,Mensal,Cartao,39.05,1,1,0.8746619762280613
ID_02202,57,71,Mensal,Boleto,95.39,0,1,0.7146548907131496
ID_02209,20,23,Anual,Boleto,127.96,1,0,0.7026810840138568
ID_02217,50,2,Mensal,Cartao,46.07,1,1,0.7426211393580741
ID_02219,41,13,Mensal,Boleto,111.08,0,0,0.7192694624404881
ID_02230,60,15,Mensal,Cartao,31.8,1,1,0.9675002240452699
ID_02232,42,35,Mensal,Automatico,131.44,1,1,0.8464714279633998
ID_02236,44,7,Mensal,Boleto,54.13,0,1,0.8594688910137712
ID_02242,62,17,Mensal,Cartao,27.97,1,1,0.9726179009062631
ID_02243,75,63,Mensal,Boleto,124.66,1,1,0.8887339186417165
ID_02245,68,7,Mensal,Boleto,113.97,1,1,0.906873233984658
ID_02251,60,6,Mensal,Boleto,72.07,0,1,0.7523046267794374
ID_02252,70,24,Mensal,Cartao,25.6,0,1,0.7570914107766913
ID_02253,47,18,Mensal,Cartao,45.9,0,1,0.7746692266557392
ID_02262,29,3,Mensal,Automatico,119.06,0,1,0.9033034256261859
ID_02276,41,1,Mensal,Automatico,65.64,1,1,0.9704631202798017
ID_02281,36,35,Mensal,Automatico,86.25,1,1,0.752443633948684
ID_02283,24,7,Mensal,Cartao,36.02,0,1,0.8151700350771356
ID_02298,53,3,Mensal,Boleto,64.46,0,1,0.8624813994074568
ID_02301,44,14,Mensal,Boleto,98.31,0,1,0.7186746188134624
ID_02303,29,61,Mensal,Boleto,45.56,1,0,0.8933458250457437
ID_02308,18,50,Mensal,Automatico,76.55,0,1,0.7908744067585698
ID_02311,73,15,Mensal,Automatico,134.49,0,1,0.7696374884459939
ID_02313,35,36,Mensal,Cartao,32.36,0,1,0.763662312036415
ID_02314,67,8,Mensal,Boleto,37.8,1,1,0.7998290403271808
ID_02315,31,3,Mensal,Automatico,123.06,1,1,0.9768729080549551
ID_02320,76,13,Mensal,Cartao,130.77,0,1,0.8135643734890339
ID_02321,52,1,Mensal,Boleto,103.43,0,1,0.8906874740733834
ID_02329,23,14,Mensal,Cartao,86.18,0,1,0.8031524693275138
ID_02333,68,56,Mensal,Automatico,101.82,1,1,0.904967783927469
ID_02334,28,61,Bienal,Boleto,122.44,1,1,0.8151672396709024
ID_02337,43,16,Mensal,Cartao,26.81,0,1,0.838311270390302
ID_02340,51,17,Mensal,Boleto,114.5,0,1,0.7586221463241871
ID_02342,21,2,Bienal,Automatico,55.12,1,1,0.9524510557619077
ID_02343,34,4,Mensal,Boleto,90.52,1,1,0.9610702841289591
ID_02346,58,69,Mensal,Boleto,59.57,1,1,0.9298399922255152
ID_02356,64,66,Mensal,Automatico,129.39,0,1,0.7307755028603198
ID_02363,34,38,Mensal,Boleto,53.61,1,1,0.8651486195167972
ID_02371,33,43,Mensal,Cartao,95.44,1,0,0.7812042721329209
ID_02382,75,13,Mensal,Cartao,48.93,0,1,0.7891917814440744
ID_02386,51,43,Mensal,Boleto,146.24,1,1,0.8725805179899564
ID_02396,33,67,Mensal,Automatico,36.02,1,1,0.7749223680961244
ID_02408,63,9,Anual,Cartao,63.05,1,1,0.8488890844904319
ID_02428,79,30,Mensal,Automatico,76.0,1,1,0.7850537580391319
ID_02437,39,17,Mensal,Boleto,131.67,1,1,0.8898451263611102
ID_02447,25,35,Mensal,Automatico,139.97,1,1,0.895377735516719
ID_02448,38,1,Mensal,Boleto,50.8,0,1,0.8422006092575866
ID_02454,48,1,Mensal,Automatico,102.95,0,1,0.8597529240136705
ID_02456,49,53,Mensal,Automatico,149.78,0,1,0.7078913593223602
ID_02471,29,71,Mensal,Boleto,22.73,0,1,0.7442852487749648
ID_02478,39,2,Mensal,Automatico,41.21,1,0,0.9159402590873178
ID_02483,57,22,Mensal,Boleto,31.39,1,1,0.9159250289473303
ID_02486,77,54,Mensal,Cartao,89.05,1,1,0.9386505916512519
ID_02489,50,18,Mensal,Boleto,140.1,1,1,0.9000793876086961
ID_02490,50,6,Mensal,Boleto,71.1,0,0,0.710523051212494
ID_02493,47,23,Mensal,Cartao,96.44,1,1,0.8361197317494927
ID_02494,50,26,Mensal,Boleto,99.94,1,1,0.8765599395050058
ID_02500,19,55,Mensal,Automatico,138.26,0,1,0.7703650346470741
ID_02503,43,69,Mensal,Boleto,35.48,1,0,0.8935344402149572
ID_02505,75,2,Mensal,Cartao,58.45,0,1,0.9036664183849662
ID_02517,76,71,Mensal,Boleto,54.29,0,1,0.7120849866246011
ID_02520,23,32,Mensal,Automatico,104.22,0,1,0.7023993887527986
ID_02525,58,61,Mensal,Automatico,69.49,1,1,0.8576836075779868
ID_02532,79,21,Mensal,Automatico,115.81,1,1,0.8404514087743657
ID_02536,76,51,Mensal,Automatico,32.74,1,1,0.9649669436536955
ID_02553,71,60,Mensal,Automatico,24.05,1,1,0.7906739786905078
ID_02561,75,45,Mensal,Cartao,143.93,1,1,0.7702373826778189
ID_02567,25,9,Bienal,Automatico,67.67,1,1,0.7087784879917293
ID_02574,61,18,Mensal,Cartao,30.52,1,1,0.9615798983317438
ID_02584,76,49,Mensal,Cartao,97.71,1,1,0.9216750164827421
ID_02597,66,46,Mensal,Boleto,141.26,1,1,0.8476583807410165
ID_02599,38,53,Mensal,Automatico,145.79,1,1,0.8380552564377163
ID_02608,61,63,Mensal,Automatico,52.97,1,1,0.9379006353288252
ID_02609,79,3,Mensal,Boleto,60.39,1,1,0.9841270901341828
ID_02621,51,62,Mensal,Boleto,95.22,1,0,0.7387448879536378
ID_02622,53,1,Mensal,Cartao,107.8,0,1,0.8310640573907491
ID_02626,53,16,Mensal,Cartao,73.06,0,1,0.7185125899112604
ID_02639,57,63,Mensal,Boleto,31.03,1,1,0.9540407899370459
ID_02641,32,52,Mensal,Boleto,142.87,1,1,0.8946378080670999
ID_02642,50,68,Bienal,Automatico,124.59,1,1,0.749463597928364
ID_02643,52,26,Mensal,Boleto,138.45,1,1,0.9145760717346881
ID_02650,59,33,Mensal,Boleto,47.22,1,1,0.8882520697473337
ID_02660,58,2,Mensal,Boleto,123.22,0,1,0.8766239010638398
ID_02663,77,46,Bienal,Automatico,147.19,1,1,0.9276146687326019
ID_02664,78,3,Mensal,Boleto,110.79,0,0,0.8352060651814546
ID_02669,42,16,Mensal,Boleto,54.49,0,1,0.8368305392988508
ID_02670,37,34,Anual,Cartao,139.51,1,1,0.7699374008234465
ID_02677,74,52,Mensal,Automatico,39.48,0,1,0.7051589889761111
ID_02681,54,19,Mensal,Automatico,119.85,1,0,0.8546009422887392
ID_02688,62,69,Mensal,Automatico,147.9,0,1,0.7620322923125493
ID_02690,64,15,Mensal,Boleto,83.15,0,0,0.7039062697841384
ID_02692,28,3,Mensal,Automatico,60.82,0,1,0.9264886302076297
ID_02694,20,23,Anual,Cartao,46.07,1,1,0.810834571422047
ID_02699,46,3,Anual,Automatico,61.92,1,1,0.7414594499896339
ID_02711,74,12,Mensal,Cartao,131.57,0,1,0.8667048777514833
ID_02713,37,34,Mensal,Cartao,30.21,0,0,0.7042467086818501
ID_02715,74,10,Mensal,Cartao,103.2,0,1,0.7491391261084266
ID_02720,29,1,Mensal,Automatico,45.32,0,0,0.7333664490955438
ID_02721,54,12,Mensal,Cartao,99.42,1,1,0.893922679689571
ID_02722,66,4,Mensal,Boleto,125.38,0,1,0.8710296176349857
ID_02727,45,19,Mensal,Boleto,76.66,1,0,0.7218960059643629
ID_02728,64,2,Anual,Boleto,39.32,0,1,0.742770279535629
ID_02731,61,8,Mensal,Boleto,142.52,0,1,0.9054701342515916
ID_02732,76,51,Bienal,Automatico,147.99,1,0,0.8039397048076379
ID_02737,19,2,Mensal,Automatico,84.52,0,1,0.7936443636454342
ID_02738,26,8,Mensal,Automatico,100.76,0,1,0.8335717355751684
ID_02768,74,70,Mensal,Cartao,75.86,1,1,0.8585226526072564
ID_02770,48,39,Anual,Cartao,123.28,1,1,0.768838002304224
ID_02777,55,42,Mensal,Cartao,148.49,1,1,0.8732277975695102
ID_02779,40,52,Mensal,Boleto,86.77,1,1,0.8435492766396859
ID_02783,33,25,Mensal,Cartao,36.57,0,1,0.7037979506700911
ID_02815,57,19,Bienal,Boleto,69.88,1,1,0.7886726184690842
ID_02820,42,12,Mensal,Boleto,67.38,1,1,0.901012528699786
ID_02824,18,8,Mensal,Automatico,123.45,0,1,0.8788280223652785
ID_02830,65,54,Mensal,Cartao,21.87,1,1,0.9392458562897101
ID_02833,43,3,Mensal,Boleto,149.29,0,1,0.9076318686542504
ID_02837,67,2,Anual,Automatico,140.44,0,1,0.7722635198392948
ID_02838,23,7,Mensal,Automatico,126.03,1,1,0.9888068433035356
ID_02841,58,23,Bienal,Boleto,28.38,1,1,0.8142054918379
ID_02843,65,60,Mensal,Cartao,78.09,1,1,0.9212197822682715
ID_02850,28,53,Mensal,Cartao,82.32,1,1,0.9175157723834283
ID_02853,78,7,Mensal,Automatico,92.79,0,1,0.7677536528579445
ID_02857,55,15,Mensal,Boleto,81.35,0,1,0.7556344694029358
ID_02863,58,61,Mensal,Boleto,40.22,1,1,0.875438751449034
ID_02865,36,23,Anual,Boleto,86.62,1,1,0.7561486020621453
ID_02875,32,12,Anual,Cartao,86.43,1,1,0.7765824868588783
ID_02876,18,9,Mensal,Boleto,27.39,1,1,0.9539925907425908
ID_02891,61,56,Mensal,Cartao,21.83,0,1,0.7690873672168665
ID_02901,63,12,Mensal,Automatico,86.92,1,1,0.9725400488657582
ID_02902,26,4,Bienal,Boleto,116.08,0,1,0.8182644104356092
ID_02913,43,35,Bienal,Boleto,123.68,1,1,0.7326542726080247
ID_02921,61,69,Mensal,Cartao,31.08,1,1,0.9553671058044932
ID_02924,60,17,Mensal,Cartao,67.91,1,1,0.9399554599662906
ID_02955,78,67,Mensal,Cartao,84.41,1,1,0.9211885787105247
ID_02964,45,23,Mensal,Cartao,95.23,1,1,0.749318292082107
ID_02973,66,45,Mensal,Boleto,21.5,1,1,0.7093116142455671
ID_02980,24,7,Mensal,Automatico,120.91,1,1,0.9895760740727664
ID_02983,27,34,Mensal,Boleto,60.56,1,1,0.7497786858226653
ID_02984,56,66,Anual,Cartao,139.8,1,1,0.7617947523680386
ID_02993,73,60,Mensal,Boleto,68.7,1,1,0.9398355642206329
ID_03000,18,9,Mensal,Automatico,59.94,0,1,0.9552679832293272
ID_03001,61,17,Mensal,Boleto,68.35,1,1,0.9174099995768173
ID_03004,59,57,Mensal,Automatico,97.02,1,0,0.733135728047253
ID_03006,76,52,Mensal,Automatico,124.59,0,1,0.7548096438671937
ID_03012,39,19,Mensal,Automatico,47.42,1,1,0.843310587157903
ID_03018,27,49,Mensal,Boleto,137.57,1,1,0.9053232572562867
ID_03020,75,10,Mensal,Cartao,76.45,0,1,0.829892687352684
ID_03021,74,6,Mensal,Automatico,32.27,0,1,0.8189777222810868
ID_03023,59,1,Mensal,Boleto,63.8,0,1,0.7725594059154863
ID_03032,67,5,Mensal,Cartao,129.58,0,1,0.7304447856661886
ID_03039,42,65,Mensal,Boleto,137.05,1,1,0.8696445941649956
ID_03040,35,3,Mensal,Boleto,85.7,0,1,0.8164990283835766
ID_03048,64,44,Mensal,Cartao,30.33,0,1,0.7402010230077372
ID_03067,26,17,Mensal,Automatico,119.18,0,1,0.7005762459199656
ID_03068,31,69,Mensal,Cartao,39.9,1,1,0.9478808090206248
ID_03075,52,4,Mensal,Automatico,149.31,0,1,0.9471618624086916
ID_03078,35,30,Mensal,Boleto,23.59,1,1,0.898993393892636
ID_03080,59,29,Mensal,Boleto,59.0,1,1,0.885970846408435
ID_03090,63,17,Anual,Cartao,71.91,1,1,0.7370027288359888
ID_03095,59,9,Mensal,Cartao,126.26,0,1,0.7614311973486413
ID_03097,56,28,Mensal,Cartao,131.76,1,1,0.881243518592886
ID_03107,25,47,Mensal,Cartao,124.71,1,0,0.8935116425103292
ID_03125,55,9,Anual,Boleto,38.85,0,1,0.700846083636132
ID_03126,25,51,Mensal,Cartao,72.59,1,1,0.8728167559904378
ID_03128,20,5,Mensal,Boleto,45.36,0,1,0.8737837824704264
ID_03134,39,25,Mensal,Boleto,137.37,1,1,0.9017567881008162
ID_03145,47,1,Mensal,Cartao,114.99,1,1,0.9430991615955452
ID_03148,39,12,Mensal,Boleto,138.48,0,1,0.8039210926385774
ID_03156,64,68,Mensal,Boleto,119.44,1,0,0.8326846834144238
ID_03157,74,71,Bienal,Boleto,85.85,1,1,0.7262777945874735
ID_03168,33,70,Mensal,Automatico,56.13,1,1,0.9595103739796933
ID_03172,20,3,Bienal,Automatico,113.11,0,1,0.8015215516693323
ID_03176,40,17,Mensal,Boleto,103.4,0,1,0.8168891748676665
ID_03182,37,17,Mensal,Boleto,27.86,0,1,0.8012184065846931
ID_03195,56,48,Mensal,Cartao,95.93,1,0,0.8132449437553003
ID_03206,53,36,Mensal,Cartao,55.98,0,1,0.7100540598719408
ID_03207,50,2,Mensal,Cartao,53.23,0,1,0.7700465835542332
ID_03212,58,22,Mensal,Automatico,90.61,1,1,0.9163558182811882
ID_03214,19,67,Mensal,Cartao,110.14,1,1,0.9766537229169593
ID_03216,74,58,Mensal,Cartao,82.97,1,0,0.7823727001973889
ID_03226,35,57,Mensal,Boleto,77.11,1,0,0.7134802208549443
ID_03230,39,3,Mensal,Automatico,117.18,1,1,0.9822617352841925
ID_03231,60,5,Mensal,Automatico,87.31,1,1,0.9464643355012639
ID_03232,32,11,Anual,Automatico,105.49,1,1,0.8081150308555324
ID_03234,77,56,Mensal,Automatico,23.72,1,1,0.7828630086530408
ID_03240,66,66,Mensal,Automatico,67.84,1,1,0.9293540646798705
ID_03246,47,57,Anual,Automatico,115.13,1,1,0.7374943156075474
ID_03256,31,23,Mensal,Cartao,24.68,1,1,0.9207590468769286
ID_03259,38,2,Mensal,Boleto,62.64,0,1,0.8486364307427015
ID_03260,52,37,Mensal,Cartao,94.45,1,0,0.721312370701577
ID_03263,19,33,Mensal,Cartao,131.89,1,1,0.742263629121985
ID_03270,42,10,Mensal,Boleto,119.16,0,0,0.7539038084387097
ID_03275,50,54,Mensal,Cartao,137.46,1,1,0.7247491152867463
ID_03291,30,7,Mensal,Automatico,92.11,0,1,0.8128911038590662
ID_03292,70,42,Mensal,Boleto,50.93,0,1,0.7003888791123778
ID_03299,32,15,Mensal,Boleto,120.04,1,1,0.7935301272540468
ID_03303,29,9,Bienal,Automatico,128.61,0,1,0.8725346985882371
ID_03308,48,4,Mensal,Cartao,147.85,1,1,0.9621329438150363
ID_03313,77,58,Mensal,Automatico,118.75,0,1,0.7446839579805759
ID_03316,46,39,Mensal,Boleto,117.33,0,1,0.7025163835007393
ID_03322,36,35,Mensal,Boleto,51.82,1,1,0.8875083574445157
ID_03324,68,28,Anual,Automatico,138.55,1,1,0.8385569613163166
ID_03325,22,1,Mensal,Automatico,100.98,0,1,0.8672947096382062
ID_03332,28,64,Mensal,Automatico,121.05,1,1,0.9255758174280514
ID_03334,78,9,Mensal,Boleto,118.15,0,1,0.883427733542347
ID_03337,32,60,Mensal,Boleto,60.22,1,1,0.9298966893143086
ID_03345,45,3,Mensal,Cartao,143.8,0,1,0.741930219025159
ID_03346,79,5,Mensal,Boleto,99.63,0,1,0.7935347419497033
ID_03347,63,61,Mensal,Cartao,33.5,0,1,0.7106516085059209
ID_03354,21,37,Mensal,Automatico,115.97,1,1,0.8800826237462713
ID_03370,54,71,Mensal,Boleto,78.65,0,1,0.711530959193828
ID_03371,69,64,Mensal,Automatico,132.57,0,1,0.7264294766242285
ID_03376,44,8,Mensal,Boleto,23.75,0,1,0.8323866963668817
ID_03377,45,58,Mensal,Boleto,36.08,1,1,0.9125449958510715
ID_03378,39,46,Mensal,Cartao,77.94,1,1,0.8469805994531105
ID_03390,38,28,Mensal,Cartao,30.44,1,1,0.9365902197202945
ID_03392,55,38,Mensal,Automatico,53.18,1,1,0.8703051818178072
ID_03394,38,14,Mensal,Cartao,103.88,1,1,0.9068792057495427
ID_03399,56,5,Mensal,Cartao,101.72,1,1,0.9496422087557086
ID_03410,54,1,Mensal,Cartao,40.95,0,1,0.774909263174666
ID_03416,66,6,Anual,Boleto,79.36,0,1,0.7163190423646316
ID_03425,21,20,Anual,Boleto,112.02,1,1,0.8299142766092953
ID_03458,57,3,Mensal,Boleto,59.06,0,0,0.8525282728473847
ID_03461,28,26,Mensal,Cartao,23.04,1,1,0.9004898176306636
ID_03476,22,30,Mensal,Cartao,65.91,0,1,0.7577699820401703
ID_03487,60,68,Mensal,Boleto,96.45,1,1,0.9207651617643962
ID_03492,52,41,Anual,Automatico,126.78,1,1,0.7991333876691836
ID_03493,41,18,Mensal,Boleto,107.34,0,1,0.785086059319965
ID_03502,53,17,Mensal,Boleto,52.07,0,1,0.8103752682498712
ID_03516,71,4,Mensal,Boleto,116.55,1,1,0.9861482618017192
ID_03531,19,9,Anual,Cartao,130.08,0,1,0.7487897859556898
ID_03533,67,57,Mensal,Automatico,138.64,0,1,0.7501854326865495
ID_03537,79,6,Mensal,Boleto,85.84,1,1,0.9852109977297923
ID_03558,48,5,Mensal,Automatico,49.61,0,0,0.7214349537477935
ID_03559,33,69,Mensal,Boleto,72.88,1,0,0.8726805613581062
ID_03560,49,31,Mensal,Cartao,23.15,0,1,0.7470200395226045
ID_03566,32,30,Mensal,Cartao,105.82,1,1,0.8389685365342378
ID_03568,57,3,Bienal,Boleto,51.68,1,1,0.8219397146251626
ID_03573,57,2,Mensal,Automatico,56.52,1,1,0.9394677966860688
ID_03575,31,3,Mensal,Boleto,65.51,0,1,0.8699027500952898
ID_03582,47,35,Mensal,Automatico,36.2,1,1,0.713623192905131
ID_03584,38,9,Mensal,Cartao,31.05,0,1,0.8323047508832917
ID_03585,61,2,Anual,Automatico,22.95,1,1,0.7243362597419882
ID_03589,66,64,Mensal,Automatico,132.47,1,1,0.8996939964994003
ID_03591,38,47,Mensal,Cartao,104.14,1,1,0.8343921586299232
ID_03592,52,2,Bienal,Automatico,130.15,0,1,0.8463019231587168
ID_03604,30,13,Mensal,Cartao,42.69,0,1,0.7837835891469429
ID_03609,63,53,Mensal,Cartao,28.34,0,1,0.7253649986467704
ID_03610,57,70,Mensal,Cartao,99.02,1,1,0.9454446832903975
ID_03617,39,11,Mensal,Automatico,45.22,0,1,0.7694939088645368
ID_03624,30,59,Mensal,Boleto,142.84,0,1,0.7084981238718094
ID_03627,46,57,Mensal,Boleto,103.99,0,1,0.7036274361746249
ID_03630,69,19,Mensal,Automatico,116.43,1,1,0.9352753347698226
ID_03645,73,23,Anual,Cartao,55.35,1,1,0.711812528040992
ID_03646,20,7,Mensal,Boleto,111.65,0,1,0.8449367304107459
ID_03650,46,69,Mensal,Automatico,115.54,1,1,0.8988936004331878
ID_03656,54,28,Mensal,Automatico,85.68,1,1,0.8909307617123011
ID_03665,22,26,Mensal,Automatico,108.73,0,1,0.7190018672053798
ID_03669,57,2,Bienal,Automatico,71.08,1,1,0.8946802339227848
ID_03675,42,27,Mensal,Boleto,148.85,1,1,0.9165474040660176
ID_03687,69,14,Mensal,Cartao,60.01,0,1,0.7276704675936319
ID_03689,39,51,Mensal,Boleto,59.6,1,1,0.8586285984005569
ID_03692,75,71,Mensal,Boleto,62.83,1,1,0.9696206301594151
ID_03699,51,2,Mensal,Boleto,146.3,0,0,0.8825233161557695
ID_03704,33,34,Anual,Cartao,117.89,1,1,0.7208331596522461
ID_03706,48,3,Mensal,Automatico,127.43,0,0,0.7682433591486375
ID_03715,78,11,Mensal,Cartao,127.05,0,1,0.8525538167195856
ID_03721,52,12,Mensal,Automatico,70.41,1,1,0.9268772847193141
ID_03729,38,11,Mensal,Automatico,87.93,0,1,0.7095342458558528
ID_03730,27,58,Mensal,Boleto,98.03,1,1,0.8882043293079479
ID_03739,72,64,Mensal,Automatico,84.09,1,1,0.9038179293783938
ID_03744,20,66,Mensal,Automatico,61.73,1,1,0.9274983541966637
ID_03753,79,53,Mensal,Automatico,107.7,0,1,0.7141158476406392
ID_03754,41,67,Mensal,Cartao,29.22,1,1,0.9348519568678811
ID_03765,36,45,Anual,Cartao,110.88,1,1,0.717958663230027
ID_03768,62,3,Mensal,Cartao,113.15,0,1,0.7403010810705478
ID_03774,48,11,Mensal,Cartao,136.37,1,1,0.9126484719784684
ID_03784,50,11,Mensal,Boleto,93.02,0,0,0.7169826342712023
ID_03786,69,27,Mensal,Cartao,128.07,0,1,0.7094004294822435
ID_03798,34,2,Mensal,Automatico,120.68,1,1,0.9874941798995355
ID_03806,23,5,Mensal,Cartao,78.44,0,1,0.8859894015353557
ID_03815,22,22,Anual,Boleto,67.36,1,1,0.7867902358170279
ID_03818,78,54,Mensal,Automatico,48.72,1,1,0.953542765481746
ID_03819,27,3,Mensal,Cartao,73.7,0,0,0.8598459568553823
ID_03825,47,16,Mensal,Automatico,133.58,0,1,0.7216495104133435
ID_03831,76,50,Mensal,Automatico,128.82,1,1,0.7643193670850499
ID_03855,56,23,Mensal,Boleto,108.83,1,1,0.8686530874370932
ID_03878,61,11,Mensal,Automatico,64.68,0,1,0.7657659256755044
ID_03881,39,7,Mensal,Automatico,137.47,0,1,0.9185386869168727
ID_03883,24,16,Mensal,Cartao,50.54,0,1,0.7900543037804257
ID_03901,53,38,Mensal,Boleto,141.56,0,1,0.7031308521784494
ID_03902,73,3,Anual,Cartao,41.21,1,1,0.9376200542390281
ID_03907,60,45,Bienal,Boleto,121.84,1,1,0.7618949131034641
ID_03912,50,71,Mensal,Cartao,27.23,1,1,0.8655138996731147
ID_03920,28,58,Bienal,Cartao,132.59,1,1,0.8452118575661494
ID_03925,24,32,Mensal,Cartao,107.98,1,1,0.8905753747780081
ID_03929,61,9,Mensal,Boleto,126.28,0,1,0.8270531312435264
ID_03934,75,53,Bienal,Boleto,20.96,1,1,0.8700673408465863
ID_03937,22,31,Anual,Cartao,143.75,1,1,0.7348187892746778
ID_03943,66,43,Mensal,Cartao,96.75,1,1,0.8662836457972012
ID_03950,78,50,Mensal,Boleto,139.61,1,1,0.8456991108634628
ID_03953,67,59,Mensal,Cartao,28.34,0,1,0.7351878861405102
ID_03964,78,11,Mensal,Automatico,39.66,1,1,0.9229542888909896
ID_03967,45,53,Mensal,Boleto,52.04,1,1,0.8502617470944018
ID_03969,60,56,Mensal,Boleto,70.03,1,0,0.7347506863690221
ID_03971,56,39,Anual,Cartao,117.65,1,1,0.7275259328074108
ID_03982,38,13,Mensal,Cartao,61.58,0,1,0.776400067693007
ID_03984,19,4,Mensal,Automatico,137.37,0,0,0.8785816412132125
ID_03989,27,18,Mensal,Cartao,23.67,0,1,0.7710360710279169
ID_03992,65,67,Mensal,Boleto,72.15,1,0,0.7165529979411012
ID_03993,68,12,Mensal,Cartao,93.75,1,1,0.7222229640385662
ID_03994,78,12,Mensal,Automatico,50.04,0,1,0.8148909163339562
ID_03996,39,2,Mensal,Cartao,51.57,0,1,0.8016761227542325
ID_04001,55,28,Mensal,Automatico,88.36,1,1,0.8906403806426596
ID_04006,68,70,Mensal,Cartao,32.2,0,1,0.752625217606725
ID_04025,31,28,Mensal,Automatico,143.39,1,1,0.8246419098325067
ID_04028,58,53,Mensal,Boleto,53.62,1,1,0.8325340414926329
ID_04030,75,5,Mensal,Automatico,133.52,1,1,0.9923594720288221
ID_04032,43,30,Mensal,Cartao,48.57,1,1,0.9287040750248644
ID_04038,20,7,Mensal,Boleto,44.51,0,1,0.8655256326102887
ID_04044,52,25,Mensal,Cartao,125.02,1,1,0.8150459774406446
ID_04049,42,20,Mensal,Cartao,94.58,1,1,0.8452739132341085
ID_04051,67,67,Mensal,Boleto,132.59,0,1,0.721530801219513
ID_04052,60,7,Mensal,Cartao,27.77,1,1,0.7050597479510721
ID_04054,22,61,Mensal,Cartao,63.72,1,1,0.9571956998033884
ID_04056,28,34,Mensal,Cartao,100.24,1,1,0.8862157479035523
ID_04059,27,9,Mensal,Boleto,112.13,1,1,0.9683893051103395
ID_04081,29,6,Mensal,Boleto,37.59,0,1,0.8483747090844135
ID_04084,33,2,Mensal,Boleto,76.26,1,1,0.9411161849644445
ID_04087,20,6,Mensal,Boleto,94.04,0,1,0.8003999712188684
ID_04093,50,32,Mensal,Boleto,149.9,0,1,0.7126548201158414
ID_04107,63,55,Mensal,Cartao,48.19,1,1,0.9200129489662722
ID_04115,72,39,Mensal,Boleto,48.57,0,1,0.7032909508830685
ID_04116,33,35,Mensal,Cartao,109.97,1,1,0.828107402125796
ID_04124,51,34,Mensal,Cartao,27.41,1,1,0.9087993322172051
ID_04125,21,17,Mensal,Cartao,25.07,0,1,0.8536701362979325
ID_04128,75,52,Mensal,Automatico,113.0,0,1,0.7030652278073296
ID_04129,48,9,Mensal,Automatico,32.54,1,1,0.9770199838968219
ID_04130,76,33,Mensal,Cartao,29.08,0,1,0.7431927857599371
ID_04131,72,60,Mensal,Cartao,40.83,0,1,0.7062689064966869
ID_04136,50,6,Mensal,Automatico,20.04,0,1,0.8178340323433513
ID_04145,52,11,Mensal,Boleto,115.93,0,1,0.8058021707584362
ID_04151,55,11,Mensal,Automatico,147.21,1,1,0.9904529303910427
ID_04156,61,56,Mensal,Boleto,128.04,1,1,0.8513723472253271
ID_04162,61,35,Mensal,Boleto,146.07,1,1,0.9251084403347123
ID_04167,39,7,Mensal,Boleto,108.85,0,1,0.8355920640658252
ID_04182,69,13,Mensal,Cartao,63.34,0,0,0.7444233343981683
ID_04184,58,28,Mensal,Boleto,52.71,1,1,0.8933442579943897
ID_04188,75,33,Mensal,Cartao,54.42,1,1,0.9510794122275655
ID_04203,37,38,Mensal,Cartao,33.43,0,1,0.7435536913957066
ID_04208,52,8,Mensal,Automatico,59.7,1,1,0.9824453557335208
ID_04210,73,33,Mensal,Cartao,139.41,1,1,0.8476334890492946
ID_04213,56,8,Mensal,Boleto,41.21,0,1,0.7492027089821173
ID_04218,18,17,Bienal,Automatico,98.39,1,1,0.7643436236519001
ID_04220,72,8,Mensal,Boleto,44.92,0,0,0.704982350740541
ID_04221,40,38,Mensal,Cartao,139.83,1,1,0.8714362774449687
ID_04222,20,38,Mensal,Cartao,93.51,1,0,0.8424624756328956
ID_04230,52,48,Mensal,Automatico,55.85,1,1,0.8529141417403728
ID_04232,70,18,Mensal,Boleto,133.2,0,0,0.7130703315550809
ID_04237,53,62,Mensal,Cartao,68.33,1,1,0.9384544135582102
ID_04240,56,8,Anual,Cartao,73.05,1,1,0.7360383069863978
ID_04242,52,10,Mensal,Boleto,75.94,1,1,0.9249478986999377
ID_04253,76,22,Mensal,Automatico,126.76,0,1,0.7105598284126577
ID_04255,51,8,Mensal,Cartao,68.53,1,1,0.9387303732560524
ID_04264,52,54,Mensal,Cartao,47.03,1,1,0.9418722389220312
ID_04267,31,71,Mensal,Cartao,57.71,1,1,0.9403001442095542
ID_04268,76,62,Mensal,Boleto,63.07,1,1,0.9659019902688432
ID_04269,37,23,Mensal,Cartao,20.43,0,1,0.8060652022623489
ID_04270,66,46,Mensal,Automatico,26.08,1,1,0.8059205236325312
ID_04276,55,34,Mensal,Cartao,108.83,1,1,0.8699769691374862
ID_04278,39,30,Mensal,Boleto,138.15,1,1,0.887651622479255
ID_04283,68,45,Mensal,Automatico,147.62,0,1,0.7721674229606896
ID_04284,20,59,Mensal,Boleto,142.79,0,1,0.7434780484849626
ID_04291,24,11,Mensal,Automatico,105.9,1,1,0.9786911433621606
ID_04296,72,17,Mensal,Cartao,106.69,1,1,0.9383936481116799
ID_04300,64,67,Mensal,Automatico,98.16,1,1,0.9177328314843776
ID_04304,55,6,Mensal,Automatico,86.54,0,1,0.7831175319227346
ID_04306,78,18,Mensal,Boleto,79.47,0,1,0.756739963182407
ID_04307,53,52,Mensal,Automatico,148.64,0,1,0.7373484790391335
ID_04308,57,48,Bienal,Boleto,117.46,1,1,0.73674399859292
ID_04316,31,1,Bienal,Automatico,73.38,1,1,0.9664624011485473
ID_04328,45,11,Mensal,Boleto,58.37,1,1,0.9236787956633075
ID_04341,66,62,Mensal,Boleto,130.22,0,0,0.7012968010615416
ID_04356,61,19,Anual,Automatico,58.45,1,1,0.7361742302764841
ID_04359,78,66,Mensal,Boleto,20.52,1,1,0.7869633330563013
ID_04364,52,71,Mensal,Cartao,61.91,0,1,0.7046992397678541
ID_04368,49,19,Mensal,Boleto,130.54,1,1,0.8372950019364614
ID_04371,62,70,Mensal,Cartao,109.14,1,1,0.935871881983112
ID_04380,32,18,Mensal,Cartao,104.19,1,1,0.8303836942468635
ID_04383,43,65,Mensal,Boleto,120.79,1,1,0.9109380805586003
ID_04389,68,55,Mensal,Automatico,116.94,1,1,0.8629321618457066
ID_04393,46,17,Bienal,Cartao,48.47,1,1,0.7662251651727631
ID_04395,21,2,Mensal,Automatico,117.11,0,1,0.8834274364537538
ID_04407,19,21,Mensal,Automatico,52.41,1,1,0.8968449684251628
ID_04413,18,3,Mensal,Boleto,102.24,0,0,0.7240058382250951
ID_04416,55,22,Mensal,Cartao,136.25,1,1,0.7833480164255923
ID_04424,23,63,Mensal,Boleto,131.05,1,1,0.9045613791860079
ID_04443,73,6,Mensal,Boleto,118.74,1,1,0.8945378664499447
ID_04445,30,6,Anual,Boleto,27.09,1,1,0.929789308115772
ID_04453,60,60,Mensal,Boleto,35.29,1,1,0.9442262571811572
ID_04455,77,36,Mensal,Boleto,73.27,1,1,0.9348719753120924
ID_04462,79,71,Anual,Boleto,129.31,1,1,0.8280641339904262
ID_04464,60,36,Mensal,Boleto,78.68,1,1,0.9018894359190539
ID_04487,30,15,Mensal,Boleto,127.82,1,1,0.8330563062390814
ID_04502,65,5,Bienal,Cartao,43.51,1,1,0.7973074324181101
ID_04505,43,34,Mensal,Boleto,31.99,1,0,0.7155958047168012
ID_04509,22,61,Mensal,Cartao,32.01,1,1,0.9422868365122301
ID_04516,62,30,Mensal,Boleto,27.31,1,1,0.9219676449487986
ID_04517,64,24,Mensal,Automatico,139.63,1,1,0.8654749915167065
ID_04526,47,54,Mensal,Cartao,35.58,1,1,0.9455514305778575
ID_04528,53,66,Mensal,Automatico,125.07,1,1,0.9171665937270653
ID_04540,68,28,Mensal,Automatico,110.04,1,1,0.916491544897835
ID_04545,46,59,Anual,Automatico,111.31,1,1,0.736082755748242
ID_04554,35,1,Mensal,Automatico,109.88,0,1,0.8142361524163785
ID_04557,26,30,Mensal,Cartao,56.51,0,1,0.7149233729298416
ID_04572,57,43,Mensal,Cartao,54.92,1,1,0.8512856443492004
ID_04574,34,6,Mensal,Cartao,89.4,0,1,0.7115345655247551
ID_04576,79,7,Bienal,Cartao,58.42,0,1,0.8453624291175588
ID_04592,41,37,Mensal,Automatico,26.05,0,1,0.7297409621215368
ID_04593,74,4,Bienal,Boleto,149.63,0,1,0.986048191971089
ID_04596,38,48,Mensal,Cartao,47.68,1,1,0.9370005879556734
ID_04609,77,22,Mensal,Boleto,136.47,1,1,0.7975236014992992
ID_04614,20,23,Mensal,Automatico,108.9,0,1,0.7012092881370041
ID_04616,61,6,Mensal,Boleto,132.3,0,0,0.7597915642815581
ID_04617,32,34,Mensal,Automatico,64.26,1,1,0.8712207203281741
ID_04619,40,9,Mensal,Cartao,84.88,0,1,0.8231515536754671
ID_04631,41,36,Mensal,Automatico,98.83,1,1,0.8198858489719819
ID_04634,73,26,Mensal,Cartao,56.16,0,1,0.7079815203335126
ID_04648,77,65,Mensal,Boleto,105.41,1,1,0.9470523421161223
ID_04651,52,60,Mensal,Automatico,146.51,0,1,0.7710987999332747
ID_04654,48,10,Mensal,Cartao,112.27,1,1,0.9476535044944862
ID_04658,66,61,Anual,Boleto,143.49,1,1,0.7515502498937363
ID_04659,66,10,Mensal,Boleto,64.04,0,1,0.8031352801525939
ID_04665,69,28,Mensal,Boleto,134.6,1,1,0.7081998120224141
ID_04666,73,23,Mensal,Boleto,29.11,1,1,0.7435406205241989
ID_04673,62,61,Mensal,Automatico,57.17,1,1,0.9331859008143084
ID_04677,73,8,Bienal,Cartao,63.28,1,1,0.8905076778984033
ID_04686,63,48,Mensal,Automatico,29.11,1,1,0.9460525703263326
ID_04687,71,2,Mensal,Boleto,99.9,1,1,0.9567059944659354
ID_04689,44,1,Mensal,Automatico,104.25,0,1,0.855076065985633
ID_04700,54,66,Anual,Automatico,119.76,1,1,0.7576243904401225
ID_04703,54,1,Mensal,Automatico,148.3,0,1,0.9639774887458382
ID_04706,54,13,Anual,Boleto,115.09,1,1,0.7547070706536095
ID_04710,21,8,Mensal,Automatico,28.09,0,1,0.8716528920648006
ID_04718,64,20,Bienal,Cartao,70.98,1,1,0.8553742998454418
ID_04721,34,50,Mensal,Boleto,100.08,1,1,0.8125072169527772
ID_04732,51,19,Mensal,Cartao,97.82,1,1,0.8572342913042249
ID_04738,68,71,Mensal,Cartao,30.75,0,1,0.7308882304659962
ID_04740,59,56,Mensal,Boleto,48.15,1,0,0.7474477287333785
ID_04759,78,59,Mensal,Automatico,92.11,1,1,0.9319801951206861
ID_04779,56,67,Mensal,Cartao,60.2,1,1,0.9267275271261277
ID_04781,25,18,Mensal,Cartao,38.7,0,1,0.7636237117391276
ID_04791,51,30,Mensal,Cartao,51.45,0,1,0.7152785125580385
ID_04793,71,63,Bienal,Automatico,137.42,1,1,0.7899462183363553
ID_04796,29,3,Mensal,Cartao,137.16,0,1,0.9357255034509052
ID_04800,28,9,Mensal,Cartao,50.56,1,1,0.9381419196141932
ID_04801,56,62,Mensal,Automatico,134.19,1,1,0.7584900499233309
ID_04803,22,37,Mensal,Cartao,98.45,0,1,0.7236253555953591
ID_04810,29,8,Anual,Cartao,43.67,1,1,0.8856832662689423
ID_04811,23,4,Mensal,Cartao,95.74,0,1,0.8817686116278425
ID_04821,23,4,Bienal,Automatico,127.11,0,0,0.8366035990963154
ID_04827,50,58,Mensal,Boleto,68.36,1,1,0.8534537901597635
ID_04830,40,10,Mensal,Cartao,134.21,0,1,0.8925604509529768
ID_04843,45,66,Mensal,Automatico,139.25,0,1,0.7088543161487297
ID_04850,52,49,Mensal,Boleto,132.01,1,1,0.8598696455952289
ID_04858,66,15,Mensal,Automatico,134.22,0,1,0.7514218795676963
ID_04864,20,46,Mensal,Automatico,119.61,1,1,0.8984486921545926
ID_04867,30,56,Mensal,Boleto,76.94,1,1,0.7293584065487576
ID_04868,64,44,Mensal,Boleto,38.46,1,1,0.7652076407521613
ID_04875,49,22,Mensal,Automatico,72.51,1,1,0.892798657130524
ID_04877,46,33,Mensal,Boleto,119.0,0,1,0.7119551212377303
ID_04884,79,8,Mensal,Boleto,108.57,0,1,0.883020667835271
ID_04888,19,15,Anual,Cartao,106.8,1,1,0.7676757494974709
ID_04896,64,10,Mensal,Cartao,125.98,0,1,0.7547171394114178
ID_04912,18,2,Mensal,Automatico,67.83,0,1,0.9410879773223658
ID_04913,32,23,Mensal,Cartao,100.14,1,0,0.7544174861326237
ID_04918,22,28,Mensal,Cartao,44.83,0,1,0.7875473374877895
ID_04923,52,38,Mensal,Boleto,77.07,1,0,0.76667164927789
ID_04928,51,9,Mensal,Boleto,20.24,1,1,0.9521701040462623
ID_04938,20,10,Mensal,Cartao,29.78,0,1,0.8868678812348131
ID_04944,51,25,Mensal,Boleto,127.8,1,1,0.889389516026621
ID_04948,76,11,Mensal,Automatico,54.32,0,1,0.7612861229641859
ID_04961,19,9,Bienal,Boleto,63.34,1,1,0.9349038165713144
ID_04964,30,33,Mensal,Cartao,107.51,1,0,0.7600648522156827
ID_04965,73,2,Mensal,Boleto,55.38,0,1,0.8806213417851849
ID_04967,48,1,Mensal,Boleto,64.01,1,1,0.9733733673631434
ID_04970,56,47,Mensal,Automatico,108.9,1,1,0.8679595281073174
ID_04981,56,14,Mensal,Cartao,130.11,0,1,0.7298011932011965
ID_04988,70,13,Mensal,Boleto,134.8,0,1,0.7391059620758065
ID_04992,70,11,Mensal,Boleto,119.99,1,1,0.8875357466862177
ID_04995,42,10,Mensal,Boleto,47.44,1,1,0.9546238245924787
